station_id,name,state,address,latitude,longitude,brand,indoor_outdoor,local_authority,power_kw,price_per_kwh,pile_label,connector_type,operational_state,source_name,source_url,source_record_id,data_as,source_status,data_type
mevnet-4358,MALL OF MEDINI (MEDINI EV FORECOURT),JOHOR,"MALL OF MEDINI (MEDINI EV FORECOURT), Majlis Bandaraya Iskandar Puteri, JOHOR",1.42978955,103.6328134,Others,Outdoor,Majlis Bandaraya Iskandar Puteri,50,1.20,Bay 01,CCS2,available,PLANMalaysia MEVnet + ChargeMY simulated pile,https://portaldev.planmalaysia.gov.my/portal/apps/dashboards/bba366dc3d144510bfd7cda771795f3d,4358,20-May-25,Existing,simulated_pile_assignment_prototype
mevnet-2357,JOHOR PREMIUM OUTLET,JOHOR,"JOHOR PREMIUM OUTLET, Majlis Perbandaran Kulai, JOHOR",1.6029394,103.6217399,chargEV,Outdoor,Majlis Perbandaran Kulai,50,1.35,Bay 01,CCS2,available,PLANMalaysia MEVnet + ChargeMY simulated pile,https://portaldev.planmalaysia.gov.my/portal/apps/dashboards/bba366dc3d144510bfd7cda771795f3d,2357,20-May-25,Existing,simulated_pile_assignment_prototype
mevnet-2412,SUTERA MALL,JOHOR,"SUTERA MALL, Majlis Bandaraya Iskandar Puteri, JOHOR",1.5176508,103.6715487,ChargeSini,Indoor,Majlis Bandaraya Iskandar Puteri,120,1.20,Bay 01,CCS2,available,PLANMalaysia MEVnet + ChargeMY simulated pile,https://portaldev.planmalaysia.gov.my/portal/apps/dashboards/bba366dc3d144510bfd7cda771795f3d,2412,31-Dec-24,Existing,simulated_pile_assignment_prototype
mevnet-2344,ECO GALLERIA,JOHOR,"ECO GALLERIA, Majlis Bandaraya Iskandar Puteri, JOHOR",1.4413127,103.6167854,chargEV,Indoor & Outdoor,Majlis Bandaraya Iskandar Puteri,50,1.20,Bay 01,CCS2,available,PLANMalaysia MEVnet + ChargeMY simulated pile,https://portaldev.planmalaysia.gov.my/portal/apps/dashboards/bba366dc3d144510bfd7cda771795f3d,2344,20-May-25,Existing,simulated_pile_assignment_prototype
mevnet-2371,KSL CITY MALL,JOHOR,"KSL CITY MALL, Majlis Bandaraya Johor Bahru, JOHOR",1.4855318,103.7629067,ChargeSini,Indoor & Outdoor,Majlis Bandaraya Johor Bahru,50,1.35,Bay 01,CCS2,available,PLANMalaysia MEVnet + ChargeMY simulated pile,https://portaldev.planmalaysia.gov.my/portal/apps/dashboards/bba366dc3d144510bfd7cda771795f3d,2371,31-Dec-24,Existing,simulated_pile_assignment_prototype
mevnet-2411,PARADIGM MALL JOHOR BAHRU,JOHOR,"PARADIGM MALL JOHOR BAHRU, Majlis Bandaraya Johor Bahru, JOHOR",1.5157252,103.6856459,Gentari,Indoor,Majlis Bandaraya Johor Bahru,11,0.90,Bay 01,Type 2,available,PLANMalaysia MEVnet + ChargeMY simulated pile,https://portaldev.planmalaysia.gov.my/portal/apps/dashboards/bba366dc3d144510bfd7cda771795f3d,2411,31-Dec-23,Existing,simulated_pile_assignment_prototype
mevnet-3807,SOUTHERN MARINA RESIDENCE,JOHOR,"SOUTHERN MARINA RESIDENCE, Majlis Bandaraya Iskandar Puteri, JOHOR",1.41401021,103.6583769,ChargeSini,Indoor,Majlis Bandaraya Iskandar Puteri,11,0.90,Bay 01,Type 2,available,PLANMalaysia MEVnet + ChargeMY simulated pile,https://portaldev.planmalaysia.gov.my/portal/apps/dashboards/bba366dc3d144510bfd7cda771795f3d,3807,1-Oct-24,Existing,simulated_pile_assignment_prototype
mevnet-2376,IKEA TEBRAU,JOHOR,"IKEA TEBRAU, Majlis Bandaraya Johor Bahru, JOHOR",1.5522106,103.8003819,Others,Indoor,Majlis Bandaraya Johor Bahru,11,0.90,Bay 01,Type 2,available,PLANMalaysia MEVnet + ChargeMY simulated pile,https://portaldev.planmalaysia.gov.my/portal/apps/dashboards/bba366dc3d144510bfd7cda771795f3d,2376,6-Mar-23,Existing,simulated_pile_assignment_prototype
mevnet-3555,SUNWAY BIG BOX,JOHOR,"SUNWAY BIG BOX, Majlis Bandaraya Iskandar Puteri, JOHOR",1.39722073,103.6287105,Sunway,Outdoor,Majlis Bandaraya Iskandar Puteri,120,1.35,Bay 01,CCS2,available,PLANMalaysia MEVnet + ChargeMY simulated pile,https://portaldev.planmalaysia.gov.my/portal/apps/dashboards/bba366dc3d144510bfd7cda771795f3d,3555,31-Dec-24,Existing,simulated_pile_assignment_prototype
mevnet-4444,TANGKAK PITSTOP,JOHOR,"TANGKAK PITSTOP, Majlis Daerah Tangkak, JOHOR",2.24348428,102.5314665,chargEV,Outdoor,Majlis Daerah Tangkak,50,1.20,Bay 01,CCS2,available,PLANMalaysia MEVnet + ChargeMY simulated pile,https://portaldev.planmalaysia.gov.my/portal/apps/dashboards/bba366dc3d144510bfd7cda771795f3d,4444,20-May-25,Existing,simulated_pile_assignment_prototype
mevnet-4389,PROTON EMAS ALOR SETAR (RAHMAT JUTAMAS),KEDAH,"PROTON EMAS ALOR SETAR (RAHMAT JUTAMAS), Majlis Bandaraya Alor Setar, KEDAH",6.13810852,100.3577033,JomCharge,Outdoor,Majlis Bandaraya Alor Setar,120,1.35,Bay 01,CCS2,available,PLANMalaysia MEVnet + ChargeMY simulated pile,https://portaldev.planmalaysia.gov.my/portal/apps/dashboards/bba366dc3d144510bfd7cda771795f3d,4389,20-May-25,Existing,simulated_pile_assignment_prototype
mevnet-2951,PUREST HOTEL SUNGAI PETANI,KEDAH,"PUREST HOTEL SUNGAI PETANI, Majlis Perbandaran Sungai Petani, KEDAH",5.6146358,100.4820171,ChargeSini,Outdoor,Majlis Perbandaran Sungai Petani,50,1.35,Bay 01,CCS2,available,PLANMalaysia MEVnet + ChargeMY simulated pile,https://portaldev.planmalaysia.gov.my/portal/apps/dashboards/bba366dc3d144510bfd7cda771795f3d,2951,1-Oct-24,Existing,simulated_pile_assignment_prototype
mevnet-2885,KULIM HI-TECH PARK,KEDAH,"KULIM HI-TECH PARK, PBT Taman Perindustrian Hi-Tech Kulim, KEDAH",5.42369942,100.5845866,Others,Outdoor,PBT Taman Perindustrian Hi-Tech Kulim,50,1.35,Bay 01,CCS2,available,PLANMalaysia MEVnet + ChargeMY simulated pile,https://portaldev.planmalaysia.gov.my/portal/apps/dashboards/bba366dc3d144510bfd7cda771795f3d,2885,28-Jun-24,Existing,simulated_pile_assignment_prototype
mevnet-2901,STARCITY HOTEL,KEDAH,"STARCITY HOTEL, Majlis Bandaraya Alor Setar, KEDAH",6.124576,100.3641783,Others,Indoor,Majlis Bandaraya Alor Setar,11,0.90,Bay 01,Type 2,available,PLANMalaysia MEVnet + ChargeMY simulated pile,https://portaldev.planmalaysia.gov.my/portal/apps/dashboards/bba366dc3d144510bfd7cda771795f3d,2901,28-Jun-24,Existing,simulated_pile_assignment_prototype
mevnet-3602,ROYAL KEDAH GOLF CLUB,KEDAH,"ROYAL KEDAH GOLF CLUB, Majlis Bandaraya Alor Setar, KEDAH",6.15055355,100.3707016,Others,Outdoor,Majlis Bandaraya Alor Setar,50,1.20,Bay 01,CCS2,available,PLANMalaysia MEVnet + ChargeMY simulated pile,https://portaldev.planmalaysia.gov.my/portal/apps/dashboards/bba366dc3d144510bfd7cda771795f3d,3602,5-Jul-23,Existing,simulated_pile_assignment_prototype
mevnet-3751,RITZ CARLTON LANGKAWI,KEDAH,"RITZ CARLTON LANGKAWI, Majlis Perbandaran Langkawi Bandaraya Pelancongan, KEDAH",6.35896573,99.69530924,Flexi Parking,Outdoor,Majlis Perbandaran Langkawi Bandaraya Pelancongan,11,0.90,Bay 01,Type 2,available,PLANMalaysia MEVnet + ChargeMY simulated pile,https://portaldev.planmalaysia.gov.my/portal/apps/dashboards/bba366dc3d144510bfd7cda771795f3d,3751,20-May-25,Existing,simulated_pile_assignment_prototype
mevnet-3848,CINTA SAYANG,KEDAH,"CINTA SAYANG, Majlis Perbandaran Sungai Petani, KEDAH",5.65900446,100.5188901,ChargeSini,Outdoor,Majlis Perbandaran Sungai Petani,50,1.20,Bay 01,CCS2,available,PLANMalaysia MEVnet + ChargeMY simulated pile,https://portaldev.planmalaysia.gov.my/portal/apps/dashboards/bba366dc3d144510bfd7cda771795f3d,3848,1-Oct-24,Existing,simulated_pile_assignment_prototype
mevnet-3888,GUO YEAN RESTORAN,KEDAH,"GUO YEAN RESTORAN, Majlis Bandaraya Alor Setar, KEDAH",6.10379697,100.3721571,Others,Outdoor,Majlis Bandaraya Alor Setar,11,0.90,Bay 01,Type 2,available,PLANMalaysia MEVnet + ChargeMY simulated pile,https://portaldev.planmalaysia.gov.my/portal/apps/dashboards/bba366dc3d144510bfd7cda771795f3d,3888,31-Aug-24,Existing,simulated_pile_assignment_prototype
mevnet-4420,SCHOTT GLASS (MALAYSIA) SDN BHD,KEDAH,"SCHOTT GLASS (MALAYSIA) SDN BHD, Majlis Perbandaran Kulim, KEDAH",5.44349517,100.561642,Others,Outdoor,Majlis Perbandaran Kulim,11,0.90,Bay 01,Type 2,available,PLANMalaysia MEVnet + ChargeMY simulated pile,https://portaldev.planmalaysia.gov.my/portal/apps/dashboards/bba366dc3d144510bfd7cda771795f3d,4420,20-May-25,Existing,simulated_pile_assignment_prototype
mevnet-2784,PERMAIPURA GOLF & COUNTRY CLUB,KEDAH,"PERMAIPURA GOLF & COUNTRY CLUB, Majlis Perbandaran Sungai Petani, KEDAH",5.7279534,100.5274658,ChargeSini,Outdoor,Majlis Perbandaran Sungai Petani,11,0.90,Bay 01,Type 2,available,PLANMalaysia MEVnet + ChargeMY simulated pile,https://portaldev.planmalaysia.gov.my/portal/apps/dashboards/bba366dc3d144510bfd7cda771795f3d,2784,1-Oct-24,Existing,simulated_pile_assignment_prototype
mevnet-4206,PETRONAS PADANG TEMBAK,KELANTAN,"PETRONAS PADANG TEMBAK, Majlis Perbandaran Kota Bahru Bandaraya Islam, KELANTAN",6.14957158,102.2903937,Gentari,Outdoor,Majlis Perbandaran Kota Bahru Bandaraya Islam,120,1.20,Bay 01,CCS2,available,PLANMalaysia MEVnet + ChargeMY simulated pile,https://portaldev.planmalaysia.gov.my/portal/apps/dashboards/bba366dc3d144510bfd7cda771795f3d,4206,31-Oct-24,Existing,simulated_pile_assignment_prototype
mevnet-4334,G ORANGE MALL GUA MUSANG,KELANTAN,"G ORANGE MALL GUA MUSANG, Majlis Daerah Gua Musang, KELANTAN",4.89231992,101.9758624,Gentari,Outdoor,Majlis Daerah Gua Musang,50,1.20,Bay 01,CCS2,available,PLANMalaysia MEVnet + ChargeMY simulated pile,https://portaldev.planmalaysia.gov.my/portal/apps/dashboards/bba366dc3d144510bfd7cda771795f3d,4334,20-May-25,Existing,simulated_pile_assignment_prototype
mevnet-2177,PERDANA KOTA BHARU,KELANTAN,"PERDANA KOTA BHARU, Majlis Perbandaran Kota Bahru Bandaraya Islam, KELANTAN",6.1209931,102.2416227,Gentari,Outdoor,Majlis Perbandaran Kota Bahru Bandaraya Islam,50,1.35,Bay 01,CCS2,available,PLANMalaysia MEVnet + ChargeMY simulated pile,https://portaldev.planmalaysia.gov.my/portal/apps/dashboards/bba366dc3d144510bfd7cda771795f3d,2177,5-Jul-23,Existing,simulated_pile_assignment_prototype
mevnet-2211,Petron Selising,KELANTAN,"Petron Selising, Majlis Daerah Pasir Puteh, KELANTAN",5.909764,102.3264015,TNBX (GoToU),Outdoor,Majlis Daerah Pasir Puteh,120,1.35,Bay 01,CCS2,available,PLANMalaysia MEVnet + ChargeMY simulated pile,https://portaldev.planmalaysia.gov.my/portal/apps/dashboards/bba366dc3d144510bfd7cda771795f3d,2211,31-Oct-24,Existing,simulated_pile_assignment_prototype
mevnet-2239,HENTIAN GUA MUSANG,KELANTAN,"HENTIAN GUA MUSANG, Majlis Daerah Gua Musang, KELANTAN",4.8266134,101.9629989,Others,Outdoor,Majlis Daerah Gua Musang,50,1.35,Bay 01,CCS2,available,PLANMalaysia MEVnet + ChargeMY simulated pile,https://portaldev.planmalaysia.gov.my/portal/apps/dashboards/bba366dc3d144510bfd7cda771795f3d,2239,28-Jun-24,Existing,simulated_pile_assignment_prototype
mevnet-3339,BMW RAZA PREMIUM KOTA BHARU,KELANTAN,"BMW RAZA PREMIUM KOTA BHARU, Majlis Perbandaran Kota Bahru Bandaraya Islam, KELANTAN",6.11639659,102.2427505,BMW,Outdoor,Majlis Perbandaran Kota Bahru Bandaraya Islam,120,1.35,Bay 01,CCS2,available,PLANMalaysia MEVnet + ChargeMY simulated pile,https://portaldev.planmalaysia.gov.my/portal/apps/dashboards/bba366dc3d144510bfd7cda771795f3d,3339,5-Jul-23,Existing,simulated_pile_assignment_prototype
mevnet-3772,"PROTON JM OTOMOBIL INOVATIF, KELANTAN",KELANTAN,"PROTON JM OTOMOBIL INOVATIF, KELANTAN, Majlis Perbandaran Kota Bahru Bandaraya Islam, KELANTAN",6.10730694,102.2824954,Gentari,Outdoor,Majlis Perbandaran Kota Bahru Bandaraya Islam,50,1.20,Bay 01,CCS2,available,PLANMalaysia MEVnet + ChargeMY simulated pile,https://portaldev.planmalaysia.gov.my/portal/apps/dashboards/bba366dc3d144510bfd7cda771795f3d,3772,31-Dec-23,Existing,simulated_pile_assignment_prototype
mevnet-3928,MYDIN KUBANG KERIAN,KELANTAN,"MYDIN KUBANG KERIAN, Majlis Perbandaran Kota Bahru Bandaraya Islam, KELANTAN",6.09799931,102.2778088,ChargeSini,Outdoor,Majlis Perbandaran Kota Bahru Bandaraya Islam,50,1.20,Bay 01,CCS2,available,PLANMalaysia MEVnet + ChargeMY simulated pile,https://portaldev.planmalaysia.gov.my/portal/apps/dashboards/bba366dc3d144510bfd7cda771795f3d,3928,1-Oct-24,Existing,simulated_pile_assignment_prototype
mevnet-4023,AEON MALL KOTA BHARU,KELANTAN,"AEON MALL KOTA BHARU, Majlis Perbandaran Kota Bahru Bandaraya Islam, KELANTAN",6.11007794,102.2307727,TNBX (GoToU),Outdoor,Majlis Perbandaran Kota Bahru Bandaraya Islam,120,1.35,Bay 01,CCS2,available,PLANMalaysia MEVnet + ChargeMY simulated pile,https://portaldev.planmalaysia.gov.my/portal/apps/dashboards/bba366dc3d144510bfd7cda771795f3d,4023,31-Aug-24,Existing,simulated_pile_assignment_prototype
mevnet-4097,TROIKA KOTA BHARU,KELANTAN,"TROIKA KOTA BHARU, Majlis Perbandaran Kota Bahru Bandaraya Islam, KELANTAN",6.12097328,102.240754,Others,Indoor,Majlis Perbandaran Kota Bahru Bandaraya Islam,11,0.90,Bay 01,Type 2,available,PLANMalaysia MEVnet + ChargeMY simulated pile,https://portaldev.planmalaysia.gov.my/portal/apps/dashboards/bba366dc3d144510bfd7cda771795f3d,4097,31-Aug-24,Existing,simulated_pile_assignment_prototype
mevnet-3584,EVPOWER CHARGING HUB MELAKA (EVPOWER SDN BHD),MELAKA,"EVPOWER CHARGING HUB MELAKA (EVPOWER SDN BHD), Majlis Bandaraya Melaka Bersejarah, MELAKA",2.20857074,102.2429386,Others,Outdoor,Majlis Bandaraya Melaka Bersejarah,50,1.20,Bay 01,CCS2,available,PLANMalaysia MEVnet + ChargeMY simulated pile,https://portaldev.planmalaysia.gov.my/portal/apps/dashboards/bba366dc3d144510bfd7cda771795f3d,3584,27-Sep-24,Existing,simulated_pile_assignment_prototype
mevnet-3347,HOLIDAY INN,MELAKA,"HOLIDAY INN, Majlis Bandaraya Melaka Bersejarah, MELAKA",2.18708381,102.2476145,BMW,Indoor & Outdoor,Majlis Bandaraya Melaka Bersejarah,11,0.90,Bay 01,Type 2,available,PLANMalaysia MEVnet + ChargeMY simulated pile,https://portaldev.planmalaysia.gov.my/portal/apps/dashboards/bba366dc3d144510bfd7cda771795f3d,3347,1-Oct-24,Existing,simulated_pile_assignment_prototype
mevnet-3672,THE PINES MELAKA,MELAKA,"THE PINES MELAKA, Majlis Bandaraya Melaka Bersejarah, MELAKA",2.20475367,102.2517863,Flexi Parking,Indoor & Outdoor,Majlis Bandaraya Melaka Bersejarah,120,1.20,Bay 01,CCS2,available,PLANMalaysia MEVnet + ChargeMY simulated pile,https://portaldev.planmalaysia.gov.my/portal/apps/dashboards/bba366dc3d144510bfd7cda771795f3d,3672,31-Dec-23,Existing,simulated_pile_assignment_prototype
mevnet-3098,ELEMENTX MALL,MELAKA,"ELEMENTX MALL, Majlis Bandaraya Melaka Bersejarah, MELAKA",2.1826318,102.2627254,Others,Indoor,Majlis Bandaraya Melaka Bersejarah,11,0.90,Bay 01,Type 2,available,PLANMalaysia MEVnet + ChargeMY simulated pile,https://portaldev.planmalaysia.gov.my/portal/apps/dashboards/bba366dc3d144510bfd7cda771795f3d,3098,20-May-25,Existing,simulated_pile_assignment_prototype
mevnet-3119,ORIENTAL MELAKA STRAITS MEDICAL CENTRE,MELAKA,"ORIENTAL MELAKA STRAITS MEDICAL CENTRE, Majlis Bandaraya Melaka Bersejarah, MELAKA",2.2079425,102.2139633,ChargeSini,Outdoor,Majlis Bandaraya Melaka Bersejarah,11,0.90,Bay 01,Type 2,available,PLANMalaysia MEVnet + ChargeMY simulated pile,https://portaldev.planmalaysia.gov.my/portal/apps/dashboards/bba366dc3d144510bfd7cda771795f3d,3119,1-Oct-24,Existing,simulated_pile_assignment_prototype
mevnet-3077,FREEPORT A'FAMOSA OUTLET,MELAKA,"FREEPORT A'FAMOSA OUTLET, Majlis Perbandaran Alor Gajah, MELAKA",2.4434436,102.2045849,Others,Outdoor,Majlis Perbandaran Alor Gajah,50,1.35,Bay 01,CCS2,available,PLANMalaysia MEVnet + ChargeMY simulated pile,https://portaldev.planmalaysia.gov.my/portal/apps/dashboards/bba366dc3d144510bfd7cda771795f3d,3077,31-Dec-23,Existing,simulated_pile_assignment_prototype
mevnet-3094,AEON MELAKA SHOPING CENTRE,MELAKA,"AEON MELAKA SHOPING CENTRE, Majlis Perbandaran Hang Tuah Jaya, MELAKA",2.2342296,102.282382,chargEV,Outdoor,Majlis Perbandaran Hang Tuah Jaya,50,1.20,Bay 01,CCS2,available,PLANMalaysia MEVnet + ChargeMY simulated pile,https://portaldev.planmalaysia.gov.my/portal/apps/dashboards/bba366dc3d144510bfd7cda771795f3d,3094,31-Dec-24,Existing,simulated_pile_assignment_prototype
mevnet-3327,SWAN GARDEN HOTEL,MELAKA,"SWAN GARDEN HOTEL, Majlis Bandaraya Melaka Bersejarah, MELAKA",2.19383971,102.237278,ChargeSini,Outdoor,Majlis Bandaraya Melaka Bersejarah,120,1.35,Bay 01,CCS2,available,PLANMalaysia MEVnet + ChargeMY simulated pile,https://portaldev.planmalaysia.gov.my/portal/apps/dashboards/bba366dc3d144510bfd7cda771795f3d,3327,1-Oct-24,Existing,simulated_pile_assignment_prototype
mevnet-3719,"MARVELUX HOTEL, MELAKA",MELAKA,"MARVELUX HOTEL, MELAKA, Majlis Bandaraya Melaka Bersejarah, MELAKA",2.19754909,102.2333877,JomCharge,Outdoor,Majlis Bandaraya Melaka Bersejarah,50,1.35,Bay 01,CCS2,available,PLANMalaysia MEVnet + ChargeMY simulated pile,https://portaldev.planmalaysia.gov.my/portal/apps/dashboards/bba366dc3d144510bfd7cda771795f3d,3719,20-May-25,Existing,simulated_pile_assignment_prototype
mevnet-4330,ECO TREE HOTEL,MELAKA,"ECO TREE HOTEL, Majlis Bandaraya Melaka Bersejarah, MELAKA",2.18717375,102.2557796,Others,Outdoor,Majlis Bandaraya Melaka Bersejarah,11,0.90,Bay 01,Type 2,available,PLANMalaysia MEVnet + ChargeMY simulated pile,https://portaldev.planmalaysia.gov.my/portal/apps/dashboards/bba366dc3d144510bfd7cda771795f3d,4330,20-May-25,Existing,simulated_pile_assignment_prototype
mevnet-3009,Lexis Hibiscus Port Dickson,NEGERI SEMBILAN,"Lexis Hibiscus Port Dickson, Majlis Perbandaran Port Dickson, NEGERI SEMBILAN",2.4184919,101.8738791,Others,Indoor,Majlis Perbandaran Port Dickson,11,0.90,Bay 01,Type 2,available,PLANMalaysia MEVnet + ChargeMY simulated pile,https://portaldev.planmalaysia.gov.my/portal/apps/dashboards/bba366dc3d144510bfd7cda771795f3d,3009,31-Aug-24,Existing,simulated_pile_assignment_prototype
mevnet-3017,AEON MALL NILAI,NEGERI SEMBILAN,"AEON MALL NILAI, Majlis Bandaraya Seremban, NEGERI SEMBILAN",2.8179042,101.7898774,chargEV,Indoor & Outdoor,Majlis Bandaraya Seremban,50,1.35,Bay 01,CCS2,available,PLANMalaysia MEVnet + ChargeMY simulated pile,https://portaldev.planmalaysia.gov.my/portal/apps/dashboards/bba366dc3d144510bfd7cda771795f3d,3017,31-Dec-24,Existing,simulated_pile_assignment_prototype
mevnet-3655,SEREMBAN GATEWAY,NEGERI SEMBILAN,"SEREMBAN GATEWAY, Majlis Bandaraya Seremban, NEGERI SEMBILAN",2.71693103,101.9201361,ChargeSini,Outdoor,Majlis Bandaraya Seremban,50,1.35,Bay 01,CCS2,available,PLANMalaysia MEVnet + ChargeMY simulated pile,https://portaldev.planmalaysia.gov.my/portal/apps/dashboards/bba366dc3d144510bfd7cda771795f3d,3655,1-Oct-24,Existing,simulated_pile_assignment_prototype
mevnet-3996,SENAWANG SOUTH BOUND LAYBY,NEGERI SEMBILAN,"SENAWANG SOUTH BOUND LAYBY, Majlis Bandaraya Seremban, NEGERI SEMBILAN",2.64046207,101.9955028,JomCharge,Outdoor,Majlis Bandaraya Seremban,120,1.20,Bay 01,CCS2,available,PLANMalaysia MEVnet + ChargeMY simulated pile,https://portaldev.planmalaysia.gov.my/portal/apps/dashboards/bba366dc3d144510bfd7cda771795f3d,3996,28-Jun-24,Existing,simulated_pile_assignment_prototype
mevnet-4208,XPARK SENDAYAN,NEGERI SEMBILAN,"XPARK SENDAYAN, Majlis Bandaraya Seremban, NEGERI SEMBILAN",2.67635314,101.8637563,Gentari,Outdoor,Majlis Bandaraya Seremban,50,1.20,Bay 01,CCS2,available,PLANMalaysia MEVnet + ChargeMY simulated pile,https://portaldev.planmalaysia.gov.my/portal/apps/dashboards/bba366dc3d144510bfd7cda771795f3d,4208,20-May-25,Existing,simulated_pile_assignment_prototype
mevnet-4232,GROUP MRMS,NEGERI SEMBILAN,"GROUP MRMS, Majlis Bandaraya Seremban, NEGERI SEMBILAN",2.81401778,101.7926332,Others,Outdoor,Majlis Bandaraya Seremban,11,0.90,Bay 01,Type 2,available,PLANMalaysia MEVnet + ChargeMY simulated pile,https://portaldev.planmalaysia.gov.my/portal/apps/dashboards/bba366dc3d144510bfd7cda771795f3d,4232,31-Oct-24,Existing,simulated_pile_assignment_prototype
mevnet-2956,PALM MALL,NEGERI SEMBILAN,"PALM MALL, Majlis Bandaraya Seremban, NEGERI SEMBILAN",2.7198558,101.9229003,ParkEasy,Indoor,Majlis Bandaraya Seremban,11,0.90,Bay 01,Type 2,available,PLANMalaysia MEVnet + ChargeMY simulated pile,https://portaldev.planmalaysia.gov.my/portal/apps/dashboards/bba366dc3d144510bfd7cda771795f3d,2956,30-Oct-23,Existing,simulated_pile_assignment_prototype
mevnet-2999,D'WHARF HOTEL & SERVICED RESIDENCE,NEGERI SEMBILAN,"D'WHARF HOTEL & SERVICED RESIDENCE, Majlis Perbandaran Port Dickson, NEGERI SEMBILAN",2.5219434,101.7994105,chargEV,Outdoor,Majlis Perbandaran Port Dickson,11,0.90,Bay 01,Type 2,available,PLANMalaysia MEVnet + ChargeMY simulated pile,https://portaldev.planmalaysia.gov.my/portal/apps/dashboards/bba366dc3d144510bfd7cda771795f3d,2999,6-Mar-23,Existing,simulated_pile_assignment_prototype
mevnet-3028,KOTA SERIEMAS GOLF & COUNTRY CLUB,NEGERI SEMBILAN,"KOTA SERIEMAS GOLF & COUNTRY CLUB, Majlis Bandaraya Seremban, NEGERI SEMBILAN",2.7778711,101.76549,Gentari,Outdoor,Majlis Bandaraya Seremban,11,0.90,Bay 01,Type 2,available,PLANMalaysia MEVnet + ChargeMY simulated pile,https://portaldev.planmalaysia.gov.my/portal/apps/dashboards/bba366dc3d144510bfd7cda771795f3d,3028,31-Dec-23,Existing,simulated_pile_assignment_prototype
mevnet-3771,"VILLEA PORT DICKSON, NEGERI SEMBILAN",NEGERI SEMBILAN,"VILLEA PORT DICKSON, NEGERI SEMBILAN, Majlis Perbandaran Port Dickson, NEGERI SEMBILAN",2.41280037,101.8558335,Gentari,Outdoor,Majlis Perbandaran Port Dickson,11,0.90,Bay 01,Type 2,available,PLANMalaysia MEVnet + ChargeMY simulated pile,https://portaldev.planmalaysia.gov.my/portal/apps/dashboards/bba366dc3d144510bfd7cda771795f3d,3771,31-Dec-23,Existing,simulated_pile_assignment_prototype
mevnet-3544,GENTING PREMIUM OUTLET,PAHANG,"GENTING PREMIUM OUTLET, Majlis Perbandaran Bentong, PAHANG",3.42398579,101.7932204,Schneider,Indoor,Majlis Perbandaran Bentong,11,0.90,Bay 01,Type 2,available,PLANMalaysia MEVnet + ChargeMY simulated pile,https://portaldev.planmalaysia.gov.my/portal/apps/dashboards/bba366dc3d144510bfd7cda771795f3d,3544,15-Mar-23,Existing,simulated_pile_assignment_prototype
mevnet-3281,KUANTAN CITY COUNCIL,PAHANG,"KUANTAN CITY COUNCIL, Majlis Bandaraya Kuantan, PAHANG",3.7975265,103.3220293,ChargeSini,Outdoor,Majlis Bandaraya Kuantan,50,1.35,Bay 01,CCS2,available,PLANMalaysia MEVnet + ChargeMY simulated pile,https://portaldev.planmalaysia.gov.my/portal/apps/dashboards/bba366dc3d144510bfd7cda771795f3d,3281,1-Oct-24,Existing,simulated_pile_assignment_prototype
mevnet-3277,TELUK CEMPEDAK BEACH,PAHANG,"TELUK CEMPEDAK BEACH, Majlis Bandaraya Kuantan, PAHANG",3.81222999,103.3720286,JomCharge,Outdoor,Majlis Bandaraya Kuantan,50,1.35,Bay 01,CCS2,available,PLANMalaysia MEVnet + ChargeMY simulated pile,https://portaldev.planmalaysia.gov.my/portal/apps/dashboards/bba366dc3d144510bfd7cda771795f3d,3277,20-May-25,Existing,simulated_pile_assignment_prototype
mevnet-3294,ZENITH KUANTAN,PAHANG,"ZENITH KUANTAN, Majlis Bandaraya Kuantan, PAHANG",3.8195488,103.3259658,ChargeSini,Indoor,Majlis Bandaraya Kuantan,120,1.20,Bay 01,CCS2,available,PLANMalaysia MEVnet + ChargeMY simulated pile,https://portaldev.planmalaysia.gov.my/portal/apps/dashboards/bba366dc3d144510bfd7cda771795f3d,3294,1-Oct-24,Existing,simulated_pile_assignment_prototype
mevnet-3877,PAHANG TECHNOLOGY PARK,PAHANG,"PAHANG TECHNOLOGY PARK, Majlis Bandaraya Kuantan, PAHANG",3.74579776,103.1252906,Gentari,Outdoor,Majlis Bandaraya Kuantan,50,1.35,Bay 01,CCS2,available,PLANMalaysia MEVnet + ChargeMY simulated pile,https://portaldev.planmalaysia.gov.my/portal/apps/dashboards/bba366dc3d144510bfd7cda771795f3d,3877,15-Mar-24,Existing,simulated_pile_assignment_prototype
mevnet-4050,STATION GOHTONG JAYA- EI,PAHANG,"STATION GOHTONG JAYA- EI, Majlis Perbandaran Bentong, PAHANG",3.39589255,101.7693264,Others,Outdoor,Majlis Perbandaran Bentong,120,1.20,Bay 01,CCS2,available,PLANMalaysia MEVnet + ChargeMY simulated pile,https://portaldev.planmalaysia.gov.my/portal/apps/dashboards/bba366dc3d144510bfd7cda771795f3d,4050,31-Aug-24,Existing,simulated_pile_assignment_prototype
mevnet-4396,Proton e.MAS Kuantan HK Electra,PAHANG,"Proton e.MAS Kuantan HK Electra, Majlis Bandaraya Kuantan, PAHANG",3.81403118,103.2851699,Others,Outdoor,Majlis Bandaraya Kuantan,50,1.20,Bay 01,CCS2,available,PLANMalaysia MEVnet + ChargeMY simulated pile,https://portaldev.planmalaysia.gov.my/portal/apps/dashboards/bba366dc3d144510bfd7cda771795f3d,4396,20-May-25,Existing,simulated_pile_assignment_prototype
mevnet-4451,THE ENCLAVE BY SONG YAN (RESIDENTS USE ONLY),PAHANG,"THE ENCLAVE BY SONG YAN (RESIDENTS USE ONLY), Majlis Perbandaran Bentong, PAHANG",3.36467905,101.8184599,JomCharge,Indoor & Outdoor,Majlis Perbandaran Bentong,11,0.90,Bay 01,Type 2,available,PLANMalaysia MEVnet + ChargeMY simulated pile,https://portaldev.planmalaysia.gov.my/portal/apps/dashboards/bba366dc3d144510bfd7cda771795f3d,4451,20-May-25,Existing,simulated_pile_assignment_prototype
mevnet-3590,MEGA VIEW HOTEL,PAHANG,"MEGA VIEW HOTEL, Majlis Bandaraya Kuantan, PAHANG",3.8056284,103.3293452,ChargeSini,Outdoor,Majlis Bandaraya Kuantan,50,1.20,Bay 01,CCS2,available,PLANMalaysia MEVnet + ChargeMY simulated pile,https://portaldev.planmalaysia.gov.my/portal/apps/dashboards/bba366dc3d144510bfd7cda771795f3d,3590,5-Jul-23,Existing,simulated_pile_assignment_prototype
mevnet-3706,PARKLAND APARTMENT,PAHANG,"PARKLAND APARTMENT, Majlis Daerah Cameron Highlands, PAHANG",4.49016592,101.3860959,Others,Outdoor,Majlis Daerah Cameron Highlands,11,0.90,Bay 01,Type 2,available,PLANMalaysia MEVnet + ChargeMY simulated pile,https://portaldev.planmalaysia.gov.my/portal/apps/dashboards/bba366dc3d144510bfd7cda771795f3d,3706,28-Jun-24,Existing,simulated_pile_assignment_prototype
mevnet-84,WEIL HOTEL / IPOH PARADE,PERAK,"WEIL HOTEL / IPOH PARADE, Majlis Bandaraya Ipoh, PERAK",4.5946965,101.090079,BMW,Indoor,Majlis Bandaraya Ipoh,11,0.90,Bay 01,Type 2,available,PLANMalaysia MEVnet + ChargeMY simulated pile,https://portaldev.planmalaysia.gov.my/portal/apps/dashboards/bba366dc3d144510bfd7cda771795f3d,84,31-Dec-24,Existing,simulated_pile_assignment_prototype
mevnet-31,THE HAVEN ALL SUITE RESORT,PERAK,"THE HAVEN ALL SUITE RESORT, Majlis Bandaraya Ipoh, PERAK",4.6371731,101.1624289,chargEV,Outdoor,Majlis Bandaraya Ipoh,11,0.90,Bay 01,Type 2,available,PLANMalaysia MEVnet + ChargeMY simulated pile,https://portaldev.planmalaysia.gov.my/portal/apps/dashboards/bba366dc3d144510bfd7cda771795f3d,31,1-Oct-24,Existing,simulated_pile_assignment_prototype
mevnet-3800,THE COVE HILLSIDE RESIDENCE,PERAK,"THE COVE HILLSIDE RESIDENCE, Majlis Bandaraya Ipoh, PERAK",4.61708183,101.1334225,ChargeSini,Indoor,Majlis Bandaraya Ipoh,11,0.90,Bay 01,Type 2,available,PLANMalaysia MEVnet + ChargeMY simulated pile,https://portaldev.planmalaysia.gov.my/portal/apps/dashboards/bba366dc3d144510bfd7cda771795f3d,3800,1-Oct-24,Existing,simulated_pile_assignment_prototype
mevnet-4122,DAMAIPURI CONDOMINIUM,PERAK,"DAMAIPURI CONDOMINIUM, Majlis Bandaraya Ipoh, PERAK",4.58598957,101.0917859,ChargeSini,Indoor,Majlis Bandaraya Ipoh,11,0.90,Bay 01,Type 2,available,PLANMalaysia MEVnet + ChargeMY simulated pile,https://portaldev.planmalaysia.gov.my/portal/apps/dashboards/bba366dc3d144510bfd7cda771795f3d,4122,1-Oct-24,Existing,simulated_pile_assignment_prototype
mevnet-3779,TAMAN TASIK COMMERCIAL CENTER,PERAK,"TAMAN TASIK COMMERCIAL CENTER, Majlis Perbandaran Taiping, PERAK",4.85286173,100.7456204,JomCharge,Outdoor,Majlis Perbandaran Taiping,50,1.35,Bay 01,CCS2,available,PLANMalaysia MEVnet + ChargeMY simulated pile,https://portaldev.planmalaysia.gov.my/portal/apps/dashboards/bba366dc3d144510bfd7cda771795f3d,3779,20-May-25,Existing,simulated_pile_assignment_prototype
mevnet-166,PETRONAS R&R GUNUNG SEMANGGOL SOUTHBOUND,PERAK,"PETRONAS R&R GUNUNG SEMANGGOL SOUTHBOUND, Majlis Daerah Kerian, PERAK",4.988779,100.6653899,Gentari,Outdoor,Majlis Daerah Kerian,50,1.20,Bay 01,CCS2,available,PLANMalaysia MEVnet + ChargeMY simulated pile,https://portaldev.planmalaysia.gov.my/portal/apps/dashboards/bba366dc3d144510bfd7cda771795f3d,166,28-Jun-24,Existing,simulated_pile_assignment_prototype
mevnet-3686,BEHRANG LAYBY NORTHBOUND,PERAK,"BEHRANG LAYBY NORTHBOUND, Majlis Daerah Tanjung Malim, PERAK",3.78140204,101.4464951,Gentari,Outdoor,Majlis Daerah Tanjung Malim,50,1.20,Bay 01,CCS2,available,PLANMalaysia MEVnet + ChargeMY simulated pile,https://portaldev.planmalaysia.gov.my/portal/apps/dashboards/bba366dc3d144510bfd7cda771795f3d,3686,31-Dec-23,Existing,simulated_pile_assignment_prototype
mevnet-3716,SMART IPOH,PERAK,"SMART IPOH, Majlis Bandaraya Ipoh, PERAK",4.62074892,101.0809421,JomCharge,Outdoor,Majlis Bandaraya Ipoh,50,1.20,Bay 01,CCS2,available,PLANMalaysia MEVnet + ChargeMY simulated pile,https://portaldev.planmalaysia.gov.my/portal/apps/dashboards/bba366dc3d144510bfd7cda771795f3d,3716,20-May-25,Existing,simulated_pile_assignment_prototype
mevnet-3957,M ROOF HOTEL & RESIDENCES,PERAK,"M ROOF HOTEL & RESIDENCES, Majlis Bandaraya Ipoh, PERAK",4.61215891,101.1051784,ChargeSini,Outdoor,Majlis Bandaraya Ipoh,11,0.90,Bay 01,Type 2,available,PLANMalaysia MEVnet + ChargeMY simulated pile,https://portaldev.planmalaysia.gov.my/portal/apps/dashboards/bba366dc3d144510bfd7cda771795f3d,3957,1-Oct-24,Existing,simulated_pile_assignment_prototype
mevnet-4002,BEHRANG LAYBY SOUTHBOUND,PERAK,"BEHRANG LAYBY SOUTHBOUND, Majlis Daerah Tanjung Malim, PERAK",3.78390238,101.4461175,JomCharge,Outdoor,Majlis Daerah Tanjung Malim,120,1.20,Bay 01,CCS2,available,PLANMalaysia MEVnet + ChargeMY simulated pile,https://portaldev.planmalaysia.gov.my/portal/apps/dashboards/bba366dc3d144510bfd7cda771795f3d,4002,28-Jun-24,Existing,simulated_pile_assignment_prototype
mevnet-2279,STARBUCKS KANGAR JAYA,PERLIS,"STARBUCKS KANGAR JAYA, Majlis Perbandaran Kangar, PERLIS",6.4074753,100.1793031,chargEV,Outdoor,Majlis Perbandaran Kangar,50,1.35,Bay 01,CCS2,available,PLANMalaysia MEVnet + ChargeMY simulated pile,https://portaldev.planmalaysia.gov.my/portal/apps/dashboards/bba366dc3d144510bfd7cda771795f3d,2279,31-Dec-23,Existing,simulated_pile_assignment_prototype
mevnet-2270,UNIMAP,PERLIS,"UNIMAP, Majlis Perbandaran Kangar, PERLIS",6.4657692,100.351067,MEVnet station,TM,Majlis Perbandaran Kangar,11,0.90,Bay 01,Type 2,available,PLANMalaysia MEVnet + ChargeMY simulated pile,https://portaldev.planmalaysia.gov.my/portal/apps/dashboards/bba366dc3d144510bfd7cda771795f3d,2270,6-Mar-23,Newly Proposed,simulated_pile_assignment_prototype
mevnet-2271,Tasik Melati Park,PERLIS,"Tasik Melati Park, Majlis Perbandaran Kangar, PERLIS",6.5104564,100.2436069,MEVnet station,TM,Majlis Perbandaran Kangar,11,0.90,Bay 01,Type 2,available,PLANMalaysia MEVnet + ChargeMY simulated pile,https://portaldev.planmalaysia.gov.my/portal/apps/dashboards/bba366dc3d144510bfd7cda771795f3d,2271,6-Mar-23,Newly Proposed,simulated_pile_assignment_prototype
mevnet-2272,UITM ARAU,PERLIS,"UITM ARAU, Majlis Perbandaran Kangar, PERLIS",6.4575818,100.2820591,MEVnet station,TM,Majlis Perbandaran Kangar,11,0.90,Bay 01,Type 2,available,PLANMalaysia MEVnet + ChargeMY simulated pile,https://portaldev.planmalaysia.gov.my/portal/apps/dashboards/bba366dc3d144510bfd7cda771795f3d,2272,6-Mar-23,Newly Proposed,simulated_pile_assignment_prototype
mevnet-2273,Jalan 179 - Petronas Arau,PERLIS,"Jalan 179 - Petronas Arau, Majlis Perbandaran Kangar, PERLIS",6.4244523,100.2726821,MEVnet station,TM,Majlis Perbandaran Kangar,11,0.90,Bay 01,Type 2,available,PLANMalaysia MEVnet + ChargeMY simulated pile,https://portaldev.planmalaysia.gov.my/portal/apps/dashboards/bba366dc3d144510bfd7cda771795f3d,2273,6-Mar-23,Newly Proposed,simulated_pile_assignment_prototype
mevnet-2274,McDonalds Kangar,PERLIS,"McDonalds Kangar, Majlis Perbandaran Kangar, PERLIS",6.4341433,100.1966396,MEVnet station,TM,Majlis Perbandaran Kangar,11,0.90,Bay 01,Type 2,available,PLANMalaysia MEVnet + ChargeMY simulated pile,https://portaldev.planmalaysia.gov.my/portal/apps/dashboards/bba366dc3d144510bfd7cda771795f3d,2274,6-Mar-23,Newly Proposed,simulated_pile_assignment_prototype
mevnet-2275,Taman Negeri Perlis,PERLIS,"Taman Negeri Perlis, Majlis Perbandaran Kangar, PERLIS",6.6903312,100.2071158,MEVnet station,TM,Majlis Perbandaran Kangar,11,0.90,Bay 01,Type 2,available,PLANMalaysia MEVnet + ChargeMY simulated pile,https://portaldev.planmalaysia.gov.my/portal/apps/dashboards/bba366dc3d144510bfd7cda771795f3d,2275,6-Mar-23,Newly Proposed,simulated_pile_assignment_prototype
mevnet-2276,Padang Besar,PERLIS,"Padang Besar, Majlis Perbandaran Kangar, PERLIS",6.661164,100.3231459,MEVnet station,TM,Majlis Perbandaran Kangar,11,0.90,Bay 01,Type 2,available,PLANMalaysia MEVnet + ChargeMY simulated pile,https://portaldev.planmalaysia.gov.my/portal/apps/dashboards/bba366dc3d144510bfd7cda771795f3d,2276,6-Mar-23,Newly Proposed,simulated_pile_assignment_prototype
mevnet-2277,Pekan Kuala Perlis,PERLIS,"Pekan Kuala Perlis, Majlis Perbandaran Kangar, PERLIS",6.3975896,100.1301471,MEVnet station,TM,Majlis Perbandaran Kangar,11,0.90,Bay 01,Type 2,available,PLANMalaysia MEVnet + ChargeMY simulated pile,https://portaldev.planmalaysia.gov.my/portal/apps/dashboards/bba366dc3d144510bfd7cda771795f3d,2277,6-Mar-23,Newly Proposed,simulated_pile_assignment_prototype
mevnet-2278,Kangar Jaya Mall,PERLIS,"Kangar Jaya Mall, Majlis Perbandaran Kangar, PERLIS",6.4067823,100.1818781,MEVnet station,TM,Majlis Perbandaran Kangar,11,0.90,Bay 01,Type 2,available,PLANMalaysia MEVnet + ChargeMY simulated pile,https://portaldev.planmalaysia.gov.my/portal/apps/dashboards/bba366dc3d144510bfd7cda771795f3d,2278,6-Mar-23,Newly Proposed,simulated_pile_assignment_prototype
mevnet-269,SUNWAY CARNIVAL MALL,PULAU PINANG,"SUNWAY CARNIVAL MALL, Majlis Bandaraya Seberang Perai, PULAU PINANG",5.3985132,100.3980465,Sunway,Indoor,Majlis Bandaraya Seberang Perai,50,1.35,Bay 01,CCS2,available,PLANMalaysia MEVnet + ChargeMY simulated pile,https://portaldev.planmalaysia.gov.my/portal/apps/dashboards/bba366dc3d144510bfd7cda771795f3d,269,28-Jun-24,Existing,simulated_pile_assignment_prototype
mevnet-185,GURNEY PLAZA,PULAU PINANG,"GURNEY PLAZA, Majlis Bandaraya Pulau Pinang, PULAU PINANG",5.4380431,100.3100232,chargEV,Indoor,Majlis Bandaraya Pulau Pinang,50,1.35,Bay 01,CCS2,available,PLANMalaysia MEVnet + ChargeMY simulated pile,https://portaldev.planmalaysia.gov.my/portal/apps/dashboards/bba366dc3d144510bfd7cda771795f3d,185,31-Aug-24,Existing,simulated_pile_assignment_prototype
mevnet-3894,"THE SHIP CAMPUS, BATU KAWAN",PULAU PINANG,"THE SHIP CAMPUS, BATU KAWAN, Majlis Bandaraya Pulau Pinang, PULAU PINANG",5.22484214,100.4273063,Others,Outdoor,Majlis Bandaraya Pulau Pinang,11,0.90,Bay 01,Type 2,available,PLANMalaysia MEVnet + ChargeMY simulated pile,https://portaldev.planmalaysia.gov.my/portal/apps/dashboards/bba366dc3d144510bfd7cda771795f3d,3894,15-Mar-24,Existing,simulated_pile_assignment_prototype
mevnet-3813,QUAYSIDE CONDOMINIUM,PULAU PINANG,"QUAYSIDE CONDOMINIUM, Majlis Bandaraya Seberang Perai, PULAU PINANG",5.48005485,100.3808041,ChargeSini,Indoor,Majlis Bandaraya Seberang Perai,11,0.90,Bay 01,Type 2,available,PLANMalaysia MEVnet + ChargeMY simulated pile,https://portaldev.planmalaysia.gov.my/portal/apps/dashboards/bba366dc3d144510bfd7cda771795f3d,3813,1-Oct-24,Existing,simulated_pile_assignment_prototype
mevnet-3994,PENANG MARRIOTT HOTEL,PULAU PINANG,"PENANG MARRIOTT HOTEL, Majlis Bandaraya Pulau Pinang, PULAU PINANG",5.43166259,100.3175074,JomCharge,Indoor & Outdoor,Majlis Bandaraya Pulau Pinang,11,0.90,Bay 01,Type 2,available,PLANMalaysia MEVnet + ChargeMY simulated pile,https://portaldev.planmalaysia.gov.my/portal/apps/dashboards/bba366dc3d144510bfd7cda771795f3d,3994,20-May-25,Existing,simulated_pile_assignment_prototype
mevnet-3346,G KELAWAI HOTEL,PULAU PINANG,"G KELAWAI HOTEL, Majlis Bandaraya Pulau Pinang, PULAU PINANG",5.43556866,100.3099413,BMW,Indoor,Majlis Bandaraya Pulau Pinang,11,0.90,Bay 01,Type 2,available,PLANMalaysia MEVnet + ChargeMY simulated pile,https://portaldev.planmalaysia.gov.my/portal/apps/dashboards/bba366dc3d144510bfd7cda771795f3d,3346,1-Oct-24,Existing,simulated_pile_assignment_prototype
mevnet-3704,"VANGOHH EMINENT, HOTEL & SPA",PULAU PINANG,"VANGOHH EMINENT, HOTEL & SPA, Majlis Bandaraya Seberang Perai, PULAU PINANG",5.32961018,100.4998602,MINI,Indoor,Majlis Bandaraya Seberang Perai,11,0.90,Bay 01,Type 2,available,PLANMalaysia MEVnet + ChargeMY simulated pile,https://portaldev.planmalaysia.gov.my/portal/apps/dashboards/bba366dc3d144510bfd7cda771795f3d,3704,31-Aug-24,Existing,simulated_pile_assignment_prototype
mevnet-3803,TANJUNG PARK CONDO,PULAU PINANG,"TANJUNG PARK CONDO, Majlis Bandaraya Pulau Pinang, PULAU PINANG",5.44915188,100.304138,ChargeSini,Indoor & Outdoor,Majlis Bandaraya Pulau Pinang,11,0.90,Bay 01,Type 2,available,PLANMalaysia MEVnet + ChargeMY simulated pile,https://portaldev.planmalaysia.gov.my/portal/apps/dashboards/bba366dc3d144510bfd7cda771795f3d,3803,1-Oct-24,Existing,simulated_pile_assignment_prototype
mevnet-3893,THE MARITIME AUTOMALL,PULAU PINANG,"THE MARITIME AUTOMALL, Majlis Bandaraya Pulau Pinang, PULAU PINANG",5.39804181,100.3291127,Others,Outdoor,Majlis Bandaraya Pulau Pinang,11,0.90,Bay 01,Type 2,available,PLANMalaysia MEVnet + ChargeMY simulated pile,https://portaldev.planmalaysia.gov.my/portal/apps/dashboards/bba366dc3d144510bfd7cda771795f3d,3893,31-Aug-24,Existing,simulated_pile_assignment_prototype
mevnet-4359,"MARRIOTT RESIDENCES, PENANG (RESIDENCE USE ONLY)",PULAU PINANG,"MARRIOTT RESIDENCES, PENANG (RESIDENCE USE ONLY), Majlis Bandaraya Pulau Pinang, PULAU PINANG",5.43126372,100.3174382,JomCharge,Indoor,Majlis Bandaraya Pulau Pinang,11,0.90,Bay 01,Type 2,available,PLANMalaysia MEVnet + ChargeMY simulated pile,https://portaldev.planmalaysia.gov.my/portal/apps/dashboards/bba366dc3d144510bfd7cda771795f3d,4359,20-May-25,Existing,simulated_pile_assignment_prototype
mevnet-4275,SHANGRI-LA RASA RIA,SABAH,"SHANGRI-LA RASA RIA, Majlis Daerah Tuaran, SABAH",6.15376075,116.1486367,Others,Indoor,Majlis Daerah Tuaran,11,0.90,Bay 01,Type 2,available,PLANMalaysia MEVnet + ChargeMY simulated pile,https://portaldev.planmalaysia.gov.my/portal/apps/dashboards/bba366dc3d144510bfd7cda771795f3d,4275,31-Dec-24,Existing,simulated_pile_assignment_prototype
mevnet-3341,BMW REGAS PREMIUM SABAH,SABAH,"BMW REGAS PREMIUM SABAH, Dewan Bandaraya Kota Kinabalu, SABAH",5.97078122,116.1113184,chargEV,Outdoor,Dewan Bandaraya Kota Kinabalu,50,1.35,Bay 01,CCS2,available,PLANMalaysia MEVnet + ChargeMY simulated pile,https://portaldev.planmalaysia.gov.my/portal/apps/dashboards/bba366dc3d144510bfd7cda771795f3d,3341,31-Aug-24,Existing,simulated_pile_assignment_prototype
mevnet-3944,T1 BUNDUSAN,SABAH,"T1 BUNDUSAN, Majlis Daerah Penampang, SABAH",5.93904325,116.1008563,JomCharge,Indoor,Majlis Daerah Penampang,11,0.90,Bay 01,Type 2,available,PLANMalaysia MEVnet + ChargeMY simulated pile,https://portaldev.planmalaysia.gov.my/portal/apps/dashboards/bba366dc3d144510bfd7cda771795f3d,3944,20-May-25,Existing,simulated_pile_assignment_prototype
mevnet-4345,"KINABALU PINE RESORT, KUNDASANG SABAH",SABAH,"KINABALU PINE RESORT, KUNDASANG SABAH, Majlis Daerah Ranau, SABAH",5.98208282,116.5795291,JomCharge,Outdoor,Majlis Daerah Ranau,50,1.35,Bay 01,CCS2,available,PLANMalaysia MEVnet + ChargeMY simulated pile,https://portaldev.planmalaysia.gov.my/portal/apps/dashboards/bba366dc3d144510bfd7cda771795f3d,4345,20-May-25,Existing,simulated_pile_assignment_prototype
mevnet-3810,RIVERSON SABAH,SABAH,"RIVERSON SABAH, Dewan Bandaraya Kota Kinabalu, SABAH",5.96917728,116.0639963,ChargeSini,Outdoor,Dewan Bandaraya Kota Kinabalu,11,0.90,Bay 01,Type 2,available,PLANMalaysia MEVnet + ChargeMY simulated pile,https://portaldev.planmalaysia.gov.my/portal/apps/dashboards/bba366dc3d144510bfd7cda771795f3d,3810,1-Oct-24,Existing,simulated_pile_assignment_prototype
mevnet-4434,"SKYVUE RESIDENCE, KK (RESIDENTS USE ONLY)",SABAH,"SKYVUE RESIDENCE, KK (RESIDENTS USE ONLY), Majlis Daerah Penampang, SABAH",5.93192469,116.0775929,JomCharge,Indoor,Majlis Daerah Penampang,11,0.90,Bay 01,Type 2,available,PLANMalaysia MEVnet + ChargeMY simulated pile,https://portaldev.planmalaysia.gov.my/portal/apps/dashboards/bba366dc3d144510bfd7cda771795f3d,4434,20-May-25,Existing,simulated_pile_assignment_prototype
mevnet-403,STARBUCKS JALAN LINTAS DT,SABAH,"STARBUCKS JALAN LINTAS DT, Dewan Bandaraya Kota Kinabalu, SABAH",5.9700811,116.1108047,chargEV,Outdoor,Dewan Bandaraya Kota Kinabalu,50,1.35,Bay 01,CCS2,available,PLANMalaysia MEVnet + ChargeMY simulated pile,https://portaldev.planmalaysia.gov.my/portal/apps/dashboards/bba366dc3d144510bfd7cda771795f3d,403,31-Dec-24,Existing,simulated_pile_assignment_prototype
mevnet-4090,REGAS BYD KOLOMBONG KK,SABAH,"REGAS BYD KOLOMBONG KK, Dewan Bandaraya Kota Kinabalu, SABAH",5.98562467,116.1164005,Gentari,Outdoor,Dewan Bandaraya Kota Kinabalu,50,1.20,Bay 01,CCS2,available,PLANMalaysia MEVnet + ChargeMY simulated pile,https://portaldev.planmalaysia.gov.my/portal/apps/dashboards/bba366dc3d144510bfd7cda771795f3d,4090,31-Oct-24,Existing,simulated_pile_assignment_prototype
mevnet-4092,THE LUMA HOTEL KOTA KINABALU,SABAH,"THE LUMA HOTEL KOTA KINABALU, Dewan Bandaraya Kota Kinabalu, SABAH",5.9672205,116.0655001,Gentari,Outdoor,Dewan Bandaraya Kota Kinabalu,11,0.90,Bay 01,Type 2,available,PLANMalaysia MEVnet + ChargeMY simulated pile,https://portaldev.planmalaysia.gov.my/portal/apps/dashboards/bba366dc3d144510bfd7cda771795f3d,4092,31-Aug-24,Existing,simulated_pile_assignment_prototype
mevnet-4246,BUKIT BANTAYAN RESIDENCES EXPERIENCE GALLERY,SABAH,"BUKIT BANTAYAN RESIDENCES EXPERIENCE GALLERY, Dewan Bandaraya Kota Kinabalu, SABAH",5.97665893,116.1348566,chargEV,Outdoor,Dewan Bandaraya Kota Kinabalu,50,1.20,Bay 01,CCS2,available,PLANMalaysia MEVnet + ChargeMY simulated pile,https://portaldev.planmalaysia.gov.my/portal/apps/dashboards/bba366dc3d144510bfd7cda771795f3d,4246,31-Dec-24,Existing,simulated_pile_assignment_prototype
mevnet-3425,PETROS DARUL HANA,SARAWAK,"PETROS DARUL HANA, Dewan Bandaraya Kuching Utara, SARAWAK",1.56499238,110.3660544,chargEV,Outdoor,Dewan Bandaraya Kuching Utara,50,1.35,Bay 01,CCS2,available,PLANMalaysia MEVnet + ChargeMY simulated pile,https://portaldev.planmalaysia.gov.my/portal/apps/dashboards/bba366dc3d144510bfd7cda771795f3d,3425,28-Jun-24,Existing,simulated_pile_assignment_prototype
mevnet-3345,CITY ONE MEGAMALL,SARAWAK,"CITY ONE MEGAMALL, Majlis Bandaraya Kuching Selatan, SARAWAK",1.5207642,110.3544012,BMW,Outdoor,Majlis Bandaraya Kuching Selatan,120,1.35,Bay 01,CCS2,available,PLANMalaysia MEVnet + ChargeMY simulated pile,https://portaldev.planmalaysia.gov.my/portal/apps/dashboards/bba366dc3d144510bfd7cda771795f3d,3345,31-Dec-24,Existing,simulated_pile_assignment_prototype
mevnet-3977,ONE SHELL SQUARE MIRI,SARAWAK,"ONE SHELL SQUARE MIRI, Majlis Bandaraya Miri, SARAWAK",4.39397838,113.9852252,Shell Recharge,Outdoor,Majlis Bandaraya Miri,11,0.90,Bay 01,Type 2,available,PLANMalaysia MEVnet + ChargeMY simulated pile,https://portaldev.planmalaysia.gov.my/portal/apps/dashboards/bba366dc3d144510bfd7cda771795f3d,3977,31-Dec-24,Existing,simulated_pile_assignment_prototype
mevnet-3588,ICOM SQUARE,SARAWAK,"ICOM SQUARE, Majlis Bandaraya Kuching Selatan, SARAWAK",1.55157672,110.3726344,chargEV,Outdoor,Majlis Bandaraya Kuching Selatan,120,1.20,Bay 01,CCS2,available,PLANMalaysia MEVnet + ChargeMY simulated pile,https://portaldev.planmalaysia.gov.my/portal/apps/dashboards/bba366dc3d144510bfd7cda771795f3d,3588,1-Apr-24,Existing,simulated_pile_assignment_prototype
mevnet-740,THE SPRING,SARAWAK,"THE SPRING, Majlis Bandaraya Kuching Selatan, SARAWAK",1.5355458,110.3582016,chargEV,Indoor,Majlis Bandaraya Kuching Selatan,11,0.90,Bay 01,Type 2,available,PLANMalaysia MEVnet + ChargeMY simulated pile,https://portaldev.planmalaysia.gov.my/portal/apps/dashboards/bba366dc3d144510bfd7cda771795f3d,740,20-May-25,Existing,simulated_pile_assignment_prototype
mevnet-3340,BMW REGAS PREMIUM AUTO KUCHING,SARAWAK,"BMW REGAS PREMIUM AUTO KUCHING, Majlis Bandaraya Kuching Selatan, SARAWAK",1.51995298,110.35339,BMW,Outdoor,Majlis Bandaraya Kuching Selatan,50,1.20,Bay 01,CCS2,available,PLANMalaysia MEVnet + ChargeMY simulated pile,https://portaldev.planmalaysia.gov.my/portal/apps/dashboards/bba366dc3d144510bfd7cda771795f3d,3340,15-Mar-23,Existing,simulated_pile_assignment_prototype
mevnet-3782,THE PODIUM,SARAWAK,"THE PODIUM, Dewan Bandaraya Kuching Utara, SARAWAK",1.5292209,110.3360351,ChargeSini,Outdoor,Dewan Bandaraya Kuching Utara,11,0.90,Bay 01,Type 2,available,PLANMalaysia MEVnet + ChargeMY simulated pile,https://portaldev.planmalaysia.gov.my/portal/apps/dashboards/bba366dc3d144510bfd7cda771795f3d,3782,1-Oct-24,Existing,simulated_pile_assignment_prototype
mevnet-3863,LIBERTY GROVE KUCHING,SARAWAK,"LIBERTY GROVE KUCHING, Majlis Perbandaran Padawan, SARAWAK",1.47486063,110.3396533,JomCharge,Outdoor,Majlis Perbandaran Padawan,11,0.90,Bay 01,Type 2,available,PLANMalaysia MEVnet + ChargeMY simulated pile,https://portaldev.planmalaysia.gov.my/portal/apps/dashboards/bba366dc3d144510bfd7cda771795f3d,3863,15-Mar-24,Existing,simulated_pile_assignment_prototype
mevnet-3899,MIRI MARRIOT RESORT AND SPA,SARAWAK,"MIRI MARRIOT RESORT AND SPA, Majlis Bandaraya Miri, SARAWAK",4.37483316,113.9713382,Flexi Parking,Outdoor,Majlis Bandaraya Miri,11,0.90,Bay 01,Type 2,available,PLANMalaysia MEVnet + ChargeMY simulated pile,https://portaldev.planmalaysia.gov.my/portal/apps/dashboards/bba366dc3d144510bfd7cda771795f3d,3899,15-Mar-24,Existing,simulated_pile_assignment_prototype
mevnet-4241,SHERATON KUCHING HOTEL,SARAWAK,"SHERATON KUCHING HOTEL, Majlis Bandaraya Kuching Selatan, SARAWAK",1.55659485,110.3532731,Flexi Parking,Outdoor,Majlis Bandaraya Kuching Selatan,11,0.90,Bay 01,Type 2,available,PLANMalaysia MEVnet + ChargeMY simulated pile,https://portaldev.planmalaysia.gov.my/portal/apps/dashboards/bba366dc3d144510bfd7cda771795f3d,4241,31-Dec-24,Existing,simulated_pile_assignment_prototype
mevnet-1172,GAMUDA COVE EXPERIENCE GALLERY & (DISCOVERY CENTER),SELANGOR,"GAMUDA COVE EXPERIENCE GALLERY & (DISCOVERY CENTER), Majlis Perbandaran Kuala Langat, SELANGOR",2.8853852,101.6160331,BMW,Outdoor,Majlis Perbandaran Kuala Langat,50,1.20,Bay 01,CCS2,available,PLANMalaysia MEVnet + ChargeMY simulated pile,https://portaldev.planmalaysia.gov.my/portal/apps/dashboards/bba366dc3d144510bfd7cda771795f3d,1172,31-Oct-24,Existing,simulated_pile_assignment_prototype
mevnet-930,IOI CITY MALL,SELANGOR,"IOI CITY MALL, Majlis Perbandaran Sepang, SELANGOR",2.9706561,101.7136778,chargEV,Indoor,Majlis Perbandaran Sepang,120,1.20,Bay 01,CCS2,available,PLANMalaysia MEVnet + ChargeMY simulated pile,https://portaldev.planmalaysia.gov.my/portal/apps/dashboards/bba366dc3d144510bfd7cda771795f3d,930,28-Jun-24,Existing,simulated_pile_assignment_prototype
mevnet-889,SUNWAY PYRAMID,SELANGOR,"SUNWAY PYRAMID, Majlis Bandaraya Subang Jaya, SELANGOR",3.0720837,101.6063455,JomCharge,Indoor & Outdoor,Majlis Bandaraya Subang Jaya,50,1.35,Bay 01,CCS2,available,PLANMalaysia MEVnet + ChargeMY simulated pile,https://portaldev.planmalaysia.gov.my/portal/apps/dashboards/bba366dc3d144510bfd7cda771795f3d,889,21-Oct-23,Existing,simulated_pile_assignment_prototype
mevnet-894,THE CURVE MALL,SELANGOR,"THE CURVE MALL, Majlis Bandaraya Petaling Jaya, SELANGOR",3.15792981,101.6120363,chargEV,Indoor,Majlis Bandaraya Petaling Jaya,120,1.20,Bay 01,CCS2,available,PLANMalaysia MEVnet + ChargeMY simulated pile,https://portaldev.planmalaysia.gov.my/portal/apps/dashboards/bba366dc3d144510bfd7cda771795f3d,894,1-Oct-24,Existing,simulated_pile_assignment_prototype
mevnet-909,KUALA LUMPUR INTERNATIONAL AIRPORT 2,SELANGOR,"KUALA LUMPUR INTERNATIONAL AIRPORT 2, Majlis Perbandaran Sepang, SELANGOR",2.7447148,101.6851931,chargEV,Indoor,Majlis Perbandaran Sepang,11,0.90,Bay 01,Type 2,available,PLANMalaysia MEVnet + ChargeMY simulated pile,https://portaldev.planmalaysia.gov.my/portal/apps/dashboards/bba366dc3d144510bfd7cda771795f3d,909,28-Jun-24,Existing,simulated_pile_assignment_prototype
mevnet-4296,(TRIAL PHASE) ELMINA LAKESIDE MALL,SELANGOR,"(TRIAL PHASE) ELMINA LAKESIDE MALL, Majlis Bandaraya Shah Alam, SELANGOR",3.18212729,101.5102251,chargEV,Outdoor,Majlis Bandaraya Shah Alam,120,1.20,Bay 01,CCS2,available,PLANMalaysia MEVnet + ChargeMY simulated pile,https://portaldev.planmalaysia.gov.my/portal/apps/dashboards/bba366dc3d144510bfd7cda771795f3d,4296,31-Dec-24,Existing,simulated_pile_assignment_prototype
mevnet-3881,MKH BOULEVARD 2,SELANGOR,"MKH BOULEVARD 2, Majlis Perbandaran Kajang, SELANGOR",2.98745937,101.7912701,ParkEasy,Indoor,Majlis Perbandaran Kajang,11,0.90,Bay 01,Type 2,available,PLANMalaysia MEVnet + ChargeMY simulated pile,https://portaldev.planmalaysia.gov.my/portal/apps/dashboards/bba366dc3d144510bfd7cda771795f3d,3881,15-Mar-24,Existing,simulated_pile_assignment_prototype
mevnet-1132,ONE CITY USJ,SELANGOR,"ONE CITY USJ, Majlis Bandaraya Subang Jaya, SELANGOR",3.0212221,101.5803981,chargEV,Indoor & Outdoor,Majlis Bandaraya Subang Jaya,50,1.20,Bay 01,CCS2,available,PLANMalaysia MEVnet + ChargeMY simulated pile,https://portaldev.planmalaysia.gov.my/portal/apps/dashboards/bba366dc3d144510bfd7cda771795f3d,1132,31-Dec-24,Existing,simulated_pile_assignment_prototype
mevnet-874,PARADIGM MALL,SELANGOR,"PARADIGM MALL, Majlis Bandaraya Petaling Jaya, SELANGOR",3.1051171,101.5959701,chargEV,Indoor,Majlis Bandaraya Petaling Jaya,11,0.90,Bay 01,Type 2,available,PLANMalaysia MEVnet + ChargeMY simulated pile,https://portaldev.planmalaysia.gov.my/portal/apps/dashboards/bba366dc3d144510bfd7cda771795f3d,874,31-Dec-23,Existing,simulated_pile_assignment_prototype
mevnet-1046,AUTO BAVARIA - BMW ARA DAMANSARA,SELANGOR,"AUTO BAVARIA - BMW ARA DAMANSARA, Majlis Bandaraya Petaling Jaya, SELANGOR",3.1145778,101.5699771,BMW,Indoor & Outdoor,Majlis Bandaraya Petaling Jaya,50,1.20,Bay 01,CCS2,available,PLANMalaysia MEVnet + ChargeMY simulated pile,https://portaldev.planmalaysia.gov.my/portal/apps/dashboards/bba366dc3d144510bfd7cda771795f3d,1046,30-Aug-23,Existing,simulated_pile_assignment_prototype
mevnet-2257,R&R PERASING,TERENGGANU,"R&R PERASING, Majlis Perbandaran Kemaman, TERENGGANU",4.0185922,103.3139388,Gentari,Outdoor,Majlis Perbandaran Kemaman,50,1.35,Bay 01,CCS2,available,PLANMalaysia MEVnet + ChargeMY simulated pile,https://portaldev.planmalaysia.gov.my/portal/apps/dashboards/bba366dc3d144510bfd7cda771795f3d,2257,20-May-25,Existing,simulated_pile_assignment_prototype
mevnet-2269,R&R Ajil West Bound,TERENGGANU,"R&R Ajil West Bound, Majlis Daerah Hulu Terengganu, TERENGGANU",5.1438235,103.0417702,Gentari,Outdoor,Majlis Daerah Hulu Terengganu,50,1.35,Bay 01,CCS2,available,PLANMalaysia MEVnet + ChargeMY simulated pile,https://portaldev.planmalaysia.gov.my/portal/apps/dashboards/bba366dc3d144510bfd7cda771795f3d,2269,20-May-25,Existing,simulated_pile_assignment_prototype
mevnet-4203,PETRONAS RANTAU,TERENGGANU,"PETRONAS RANTAU, Majlis Perbandaran Kemaman, TERENGGANU",4.43869199,103.4495483,JomCharge,Outdoor,Majlis Perbandaran Kemaman,120,1.35,Bay 01,CCS2,available,PLANMalaysia MEVnet + ChargeMY simulated pile,https://portaldev.planmalaysia.gov.my/portal/apps/dashboards/bba366dc3d144510bfd7cda771795f3d,4203,31-Oct-24,Existing,simulated_pile_assignment_prototype
mevnet-4237,MAYANG MALL,TERENGGANU,"MAYANG MALL, Majlis Bandaraya Kuala Terengganu, TERENGGANU",5.33688747,103.1442459,ChargeSini,Indoor,Majlis Bandaraya Kuala Terengganu,50,1.35,Bay 01,CCS2,available,PLANMalaysia MEVnet + ChargeMY simulated pile,https://portaldev.planmalaysia.gov.my/portal/apps/dashboards/bba366dc3d144510bfd7cda771795f3d,4237,31-Dec-24,Existing,simulated_pile_assignment_prototype
mevnet-2070,KELAB GOLF REKREASI PETRONAS,TERENGGANU,"KELAB GOLF REKREASI PETRONAS, Majlis Perbandaran Kemaman, TERENGGANU",4.4560797,103.4459851,Gentari,Outdoor,Majlis Perbandaran Kemaman,120,1.20,Bay 01,CCS2,available,PLANMalaysia MEVnet + ChargeMY simulated pile,https://portaldev.planmalaysia.gov.my/portal/apps/dashboards/bba366dc3d144510bfd7cda771795f3d,2070,15-Mar-24,Existing,simulated_pile_assignment_prototype
mevnet-2085,MYDIN GONG BADAK,TERENGGANU,"MYDIN GONG BADAK, Majlis Bandaraya Kuala Terengganu, TERENGGANU",5.35519816,103.0955364,ChargeSini,Indoor,Majlis Bandaraya Kuala Terengganu,120,1.35,Bay 01,CCS2,available,PLANMalaysia MEVnet + ChargeMY simulated pile,https://portaldev.planmalaysia.gov.my/portal/apps/dashboards/bba366dc3d144510bfd7cda771795f3d,2085,1-Oct-24,Existing,simulated_pile_assignment_prototype
mevnet-2146,R&R PAKA WEST BOUND,TERENGGANU,"R&R PAKA WEST BOUND, Majlis Perbandaran Dungun, TERENGGANU",4.6473684,103.3435425,TNBX (GoToU),Outdoor,Majlis Perbandaran Dungun,50,1.20,Bay 01,CCS2,available,PLANMalaysia MEVnet + ChargeMY simulated pile,https://portaldev.planmalaysia.gov.my/portal/apps/dashboards/bba366dc3d144510bfd7cda771795f3d,2146,5-Jul-23,Existing,simulated_pile_assignment_prototype
mevnet-2265,PRIMULA BEACH RESORT,TERENGGANU,"PRIMULA BEACH RESORT, Majlis Bandaraya Kuala Terengganu, TERENGGANU",5.3297341,103.150585,Others,Indoor,Majlis Bandaraya Kuala Terengganu,11,0.90,Bay 01,Type 2,available,PLANMalaysia MEVnet + ChargeMY simulated pile,https://portaldev.planmalaysia.gov.my/portal/apps/dashboards/bba366dc3d144510bfd7cda771795f3d,2265,6-Mar-23,Existing,simulated_pile_assignment_prototype
mevnet-3929,MYDIN KUALA TERENGGANU,TERENGGANU,"MYDIN KUALA TERENGGANU, Majlis Bandaraya Kuala Terengganu, TERENGGANU",5.31138595,103.1309783,ChargeSini,Outdoor,Majlis Bandaraya Kuala Terengganu,50,1.35,Bay 01,CCS2,available,PLANMalaysia MEVnet + ChargeMY simulated pile,https://portaldev.planmalaysia.gov.my/portal/apps/dashboards/bba366dc3d144510bfd7cda771795f3d,3929,1-Oct-24,Existing,simulated_pile_assignment_prototype
mevnet-3981,SHELL PAKA R&R NORTH,TERENGGANU,"SHELL PAKA R&R NORTH, Majlis Perbandaran Dungun, TERENGGANU",4.64724081,103.342303,Shell Recharge,Outdoor,Majlis Perbandaran Dungun,120,1.35,Bay 01,CCS2,available,PLANMalaysia MEVnet + ChargeMY simulated pile,https://portaldev.planmalaysia.gov.my/portal/apps/dashboards/bba366dc3d144510bfd7cda771795f3d,3981,28-Jun-24,Existing,simulated_pile_assignment_prototype
mevnet-3484,SURIA KLCC,W.P. KUALA LUMPUR,"SURIA KLCC, Dewan Bandaraya Kuala Lumpur, W.P. KUALA LUMPUR",3.15774585,101.7121958,Gentari,Indoor,Dewan Bandaraya Kuala Lumpur,50,1.20,Bay 01,CCS2,available,PLANMalaysia MEVnet + ChargeMY simulated pile,https://portaldev.planmalaysia.gov.my/portal/apps/dashboards/bba366dc3d144510bfd7cda771795f3d,3484,31-Oct-24,Existing,simulated_pile_assignment_prototype
mevnet-4438,SUNWAY VELOCITY TWO,W.P. KUALA LUMPUR,"SUNWAY VELOCITY TWO, Dewan Bandaraya Kuala Lumpur, W.P. KUALA LUMPUR",3.12823276,101.7251026,ChargeSini,Indoor,Dewan Bandaraya Kuala Lumpur,50,1.20,Bay 01,CCS2,available,PLANMalaysia MEVnet + ChargeMY simulated pile,https://portaldev.planmalaysia.gov.my/portal/apps/dashboards/bba366dc3d144510bfd7cda771795f3d,4438,20-May-25,Existing,simulated_pile_assignment_prototype
mevnet-991,THE GARDENS MALL,W.P. KUALA LUMPUR,"THE GARDENS MALL, Dewan Bandaraya Kuala Lumpur, W.P. KUALA LUMPUR",3.118791,101.6759991,Gentari,Indoor,Dewan Bandaraya Kuala Lumpur,50,1.35,Bay 01,CCS2,available,PLANMalaysia MEVnet + ChargeMY simulated pile,https://portaldev.planmalaysia.gov.my/portal/apps/dashboards/bba366dc3d144510bfd7cda771795f3d,991,20-May-25,Existing,simulated_pile_assignment_prototype
mevnet-1909,"THE EXCHANGE MALL, TRX",W.P. KUALA LUMPUR,"THE EXCHANGE MALL, TRX, Dewan Bandaraya Kuala Lumpur, W.P. KUALA LUMPUR",3.14264508,101.7181499,Gentari,Indoor,Dewan Bandaraya Kuala Lumpur,11,0.90,Bay 01,Type 2,available,PLANMalaysia MEVnet + ChargeMY simulated pile,https://portaldev.planmalaysia.gov.my/portal/apps/dashboards/bba366dc3d144510bfd7cda771795f3d,1909,28-Jun-24,Existing,simulated_pile_assignment_prototype
mevnet-988,PAVILION BUKIT JALIL,W.P. KUALA LUMPUR,"PAVILION BUKIT JALIL, Dewan Bandaraya Kuala Lumpur, W.P. KUALA LUMPUR",3.0502636,101.671016,ParkEasy,Indoor,Dewan Bandaraya Kuala Lumpur,50,1.20,Bay 01,CCS2,available,PLANMalaysia MEVnet + ChargeMY simulated pile,https://portaldev.planmalaysia.gov.my/portal/apps/dashboards/bba366dc3d144510bfd7cda771795f3d,988,31-Aug-24,Existing,simulated_pile_assignment_prototype
mevnet-1958,THE BEAT AT KIARA BAY,W.P. KUALA LUMPUR,"THE BEAT AT KIARA BAY, Dewan Bandaraya Kuala Lumpur, W.P. KUALA LUMPUR",3.2260814,101.6502654,Gentari,Outdoor,Dewan Bandaraya Kuala Lumpur,11,0.90,Bay 01,Type 2,available,PLANMalaysia MEVnet + ChargeMY simulated pile,https://portaldev.planmalaysia.gov.my/portal/apps/dashboards/bba366dc3d144510bfd7cda771795f3d,1958,31-Oct-24,Existing,simulated_pile_assignment_prototype
mevnet-3527,SUNWAY VELOCITY MALL,W.P. KUALA LUMPUR,"SUNWAY VELOCITY MALL, Dewan Bandaraya Kuala Lumpur, W.P. KUALA LUMPUR",3.1278714,101.7248453,JomCharge,Indoor,Dewan Bandaraya Kuala Lumpur,11,0.90,Bay 01,Type 2,available,PLANMalaysia MEVnet + ChargeMY simulated pile,https://portaldev.planmalaysia.gov.my/portal/apps/dashboards/bba366dc3d144510bfd7cda771795f3d,3527,31-Dec-24,Existing,simulated_pile_assignment_prototype
mevnet-997,PAVILION KUALA LUMPUR,W.P. KUALA LUMPUR,"PAVILION KUALA LUMPUR, Dewan Bandaraya Kuala Lumpur, W.P. KUALA LUMPUR",3.1489607,101.7134125,Shell Recharge,Indoor,Dewan Bandaraya Kuala Lumpur,50,1.35,Bay 01,CCS2,available,PLANMalaysia MEVnet + ChargeMY simulated pile,https://portaldev.planmalaysia.gov.my/portal/apps/dashboards/bba366dc3d144510bfd7cda771795f3d,997,21-Oct-23,Existing,simulated_pile_assignment_prototype
mevnet-3355,AVENUE K SHOPPING MALL,W.P. KUALA LUMPUR,"AVENUE K SHOPPING MALL, Dewan Bandaraya Kuala Lumpur, W.P. KUALA LUMPUR",3.15958036,101.7134944,chargEV,Indoor,Dewan Bandaraya Kuala Lumpur,11,0.90,Bay 01,Type 2,available,PLANMalaysia MEVnet + ChargeMY simulated pile,https://portaldev.planmalaysia.gov.my/portal/apps/dashboards/bba366dc3d144510bfd7cda771795f3d,3355,31-Dec-24,Existing,simulated_pile_assignment_prototype
mevnet-999,BERJAYA TIMES SQUARE,W.P. KUALA LUMPUR,"BERJAYA TIMES SQUARE, Dewan Bandaraya Kuala Lumpur, W.P. KUALA LUMPUR",3.1422,101.7107194,chargEV,Indoor & Outdoor,Dewan Bandaraya Kuala Lumpur,120,1.35,Bay 01,CCS2,available,PLANMalaysia MEVnet + ChargeMY simulated pile,https://portaldev.planmalaysia.gov.my/portal/apps/dashboards/bba366dc3d144510bfd7cda771795f3d,999,5-Jul-23,Existing,simulated_pile_assignment_prototype
mevnet-520,Labuan Supermarket,W.P. LABUAN,"Labuan Supermarket, Perbadanan Labuan, W.P. LABUAN",5.2786497,115.2423736,MEVnet station,TM,Perbadanan Labuan,11,0.90,Bay 01,Type 2,available,PLANMalaysia MEVnet + ChargeMY simulated pile,https://portaldev.planmalaysia.gov.my/portal/apps/dashboards/bba366dc3d144510bfd7cda771795f3d,520,6-Mar-23,Newly Proposed,simulated_pile_assignment_prototype
mevnet-521,Bataras Hypermarket Labuan,W.P. LABUAN,"Bataras Hypermarket Labuan, Perbadanan Labuan, W.P. LABUAN",5.2944856,115.2413933,MEVnet station,TM,Perbadanan Labuan,11,0.90,Bay 01,Type 2,available,PLANMalaysia MEVnet + ChargeMY simulated pile,https://portaldev.planmalaysia.gov.my/portal/apps/dashboards/bba366dc3d144510bfd7cda771795f3d,521,6-Mar-23,Newly Proposed,simulated_pile_assignment_prototype
mevnet-522,Utama Jaya Superstore,W.P. LABUAN,"Utama Jaya Superstore, Perbadanan Labuan, W.P. LABUAN",5.2805974,115.2408461,MEVnet station,TM,Perbadanan Labuan,11,0.90,Bay 01,Type 2,available,PLANMalaysia MEVnet + ChargeMY simulated pile,https://portaldev.planmalaysia.gov.my/portal/apps/dashboards/bba366dc3d144510bfd7cda771795f3d,522,6-Mar-23,Newly Proposed,simulated_pile_assignment_prototype
mevnet-523,UTC & Labuan Central Market,W.P. LABUAN,"UTC & Labuan Central Market, Perbadanan Labuan, W.P. LABUAN",5.2823345,115.2394252,MEVnet station,TM,Perbadanan Labuan,11,0.90,Bay 01,Type 2,available,PLANMalaysia MEVnet + ChargeMY simulated pile,https://portaldev.planmalaysia.gov.my/portal/apps/dashboards/bba366dc3d144510bfd7cda771795f3d,523,6-Mar-23,Newly Proposed,simulated_pile_assignment_prototype
mevnet-524,Muzium Marin Labuan,W.P. LABUAN,"Muzium Marin Labuan, Perbadanan Labuan, W.P. LABUAN",5.2740511,115.2550111,MEVnet station,TM,Perbadanan Labuan,11,0.90,Bay 01,Type 2,available,PLANMalaysia MEVnet + ChargeMY simulated pile,https://portaldev.planmalaysia.gov.my/portal/apps/dashboards/bba366dc3d144510bfd7cda771795f3d,524,6-Mar-23,Newly Proposed,simulated_pile_assignment_prototype
mevnet-525,Kompleks Ujana Kewangan,W.P. LABUAN,"Kompleks Ujana Kewangan, Perbadanan Labuan, W.P. LABUAN",5.2756766,115.2488585,MEVnet station,TM,Perbadanan Labuan,11,0.90,Bay 01,Type 2,available,PLANMalaysia MEVnet + ChargeMY simulated pile,https://portaldev.planmalaysia.gov.my/portal/apps/dashboards/bba366dc3d144510bfd7cda771795f3d,525,6-Mar-23,Newly Proposed,simulated_pile_assignment_prototype
mevnet-526,PETRONAS - Jalan Tun Mustapha,W.P. LABUAN,"PETRONAS - Jalan Tun Mustapha, Perbadanan Labuan, W.P. LABUAN",5.3062304,115.2377761,MEVnet station,TM,Perbadanan Labuan,11,0.90,Bay 01,Type 2,available,PLANMalaysia MEVnet + ChargeMY simulated pile,https://portaldev.planmalaysia.gov.my/portal/apps/dashboards/bba366dc3d144510bfd7cda771795f3d,526,6-Mar-23,Newly Proposed,simulated_pile_assignment_prototype
mevnet-527,Emporium Labuan,W.P. LABUAN,"Emporium Labuan, Perbadanan Labuan, W.P. LABUAN",5.2784421,115.2337758,MEVnet station,TM,Perbadanan Labuan,11,0.90,Bay 01,Type 2,available,PLANMalaysia MEVnet + ChargeMY simulated pile,https://portaldev.planmalaysia.gov.my/portal/apps/dashboards/bba366dc3d144510bfd7cda771795f3d,527,6-Mar-23,Newly Proposed,simulated_pile_assignment_prototype
mevnet-528,Labuan International Golf Club,W.P. LABUAN,"Labuan International Golf Club, Perbadanan Labuan, W.P. LABUAN",5.2758519,115.1716495,MEVnet station,TM,Perbadanan Labuan,11,0.90,Bay 01,Type 2,available,PLANMalaysia MEVnet + ChargeMY simulated pile,https://portaldev.planmalaysia.gov.my/portal/apps/dashboards/bba366dc3d144510bfd7cda771795f3d,528,6-Mar-23,Newly Proposed,simulated_pile_assignment_prototype
mevnet-529,Labuan Airport,W.P. LABUAN,"Labuan Airport, Perbadanan Labuan, W.P. LABUAN",5.2944376,115.2492503,MEVnet station,TM,Perbadanan Labuan,11,0.90,Bay 01,Type 2,available,PLANMalaysia MEVnet + ChargeMY simulated pile,https://portaldev.planmalaysia.gov.my/portal/apps/dashboards/bba366dc3d144510bfd7cda771795f3d,529,6-Mar-23,Newly Proposed,simulated_pile_assignment_prototype
mevnet-4149,TAMARA RESIDENCE,W.P. PUTRAJAYA,"TAMARA RESIDENCE, Perbadanan Putrajaya, W.P. PUTRAJAYA",2.92696953,101.6803437,ChargeSini,Indoor,Perbadanan Putrajaya,11,0.90,Bay 01,Type 2,available,PLANMalaysia MEVnet + ChargeMY simulated pile,https://portaldev.planmalaysia.gov.my/portal/apps/dashboards/bba366dc3d144510bfd7cda771795f3d,4149,1-Oct-24,Existing,simulated_pile_assignment_prototype
mevnet-2295,PUTRAJAYA INTERNATIONAL CONVENTION CENTRE,W.P. PUTRAJAYA,"PUTRAJAYA INTERNATIONAL CONVENTION CENTRE, Perbadanan Putrajaya, W.P. PUTRAJAYA",2.8939915,101.6770455,Gentari,Outdoor,Perbadanan Putrajaya,11,0.90,Bay 01,Type 2,available,PLANMalaysia MEVnet + ChargeMY simulated pile,https://portaldev.planmalaysia.gov.my/portal/apps/dashboards/bba366dc3d144510bfd7cda771795f3d,2295,31-Dec-24,Existing,simulated_pile_assignment_prototype
mevnet-2297,PUTRAJAYA EQUESTRIAN PARK,W.P. PUTRAJAYA,"PUTRAJAYA EQUESTRIAN PARK, Perbadanan Putrajaya, W.P. PUTRAJAYA",2.89600134,101.6854789,Gentari,Outdoor,Perbadanan Putrajaya,11,0.90,Bay 01,Type 2,available,PLANMalaysia MEVnet + ChargeMY simulated pile,https://portaldev.planmalaysia.gov.my/portal/apps/dashboards/bba366dc3d144510bfd7cda771795f3d,2297,31-Oct-24,Existing,simulated_pile_assignment_prototype
mevnet-2303,KOMPLEKS PERBADANAN PUTRAJAYA,W.P. PUTRAJAYA,"KOMPLEKS PERBADANAN PUTRAJAYA, Perbadanan Putrajaya, W.P. PUTRAJAYA",2.9176309,101.6842766,Gentari,Outdoor,Perbadanan Putrajaya,11,0.90,Bay 01,Type 2,available,PLANMalaysia MEVnet + ChargeMY simulated pile,https://portaldev.planmalaysia.gov.my/portal/apps/dashboards/bba366dc3d144510bfd7cda771795f3d,2303,31-Dec-24,Existing,simulated_pile_assignment_prototype
mevnet-4279,PUTRAJAYA SENTRAL,W.P. PUTRAJAYA,"PUTRAJAYA SENTRAL, Perbadanan Putrajaya, W.P. PUTRAJAYA",2.93128973,101.6702618,Gentari,Indoor,Perbadanan Putrajaya,11,0.90,Bay 01,Type 2,available,PLANMalaysia MEVnet + ChargeMY simulated pile,https://portaldev.planmalaysia.gov.my/portal/apps/dashboards/bba366dc3d144510bfd7cda771795f3d,4279,31-Dec-24,Existing,simulated_pile_assignment_prototype
mevnet-4443,TAMAN SAUJANA HIJAU,W.P. PUTRAJAYA,"TAMAN SAUJANA HIJAU, Perbadanan Putrajaya, W.P. PUTRAJAYA",2.96125508,101.6756323,Gentari,Outdoor,Perbadanan Putrajaya,11,0.90,Bay 01,Type 2,available,PLANMalaysia MEVnet + ChargeMY simulated pile,https://portaldev.planmalaysia.gov.my/portal/apps/dashboards/bba366dc3d144510bfd7cda771795f3d,4443,20-May-25,Existing,simulated_pile_assignment_prototype
mevnet-2296,MARINA PUTRAJAYA,W.P. PUTRAJAYA,"MARINA PUTRAJAYA, Perbadanan Putrajaya, W.P. PUTRAJAYA",2.9011277,101.6709301,Gentari,Outdoor,Perbadanan Putrajaya,11,0.90,Bay 01,Type 2,available,PLANMalaysia MEVnet + ChargeMY simulated pile,https://portaldev.planmalaysia.gov.my/portal/apps/dashboards/bba366dc3d144510bfd7cda771795f3d,2296,31-Dec-24,Existing,simulated_pile_assignment_prototype
mevnet-2309,DORSETT PUTRAJAYA,W.P. PUTRAJAYA,"DORSETT PUTRAJAYA, Perbadanan Putrajaya, W.P. PUTRAJAYA",2.9200597,101.6841146,Flexi Parking,Indoor,Perbadanan Putrajaya,11,0.90,Bay 01,Type 2,available,PLANMalaysia MEVnet + ChargeMY simulated pile,https://portaldev.planmalaysia.gov.my/portal/apps/dashboards/bba366dc3d144510bfd7cda771795f3d,2309,1-Apr-24,Existing,simulated_pile_assignment_prototype
mevnet-2324,PULSE GRANDE HOTEL PUTRAJAYA,W.P. PUTRAJAYA,"PULSE GRANDE HOTEL PUTRAJAYA, Perbadanan Putrajaya, W.P. PUTRAJAYA",2.9428806,101.6999602,Others,Outdoor,Perbadanan Putrajaya,50,1.20,Bay 01,CCS2,available,PLANMalaysia MEVnet + ChargeMY simulated pile,https://portaldev.planmalaysia.gov.my/portal/apps/dashboards/bba366dc3d144510bfd7cda771795f3d,2324,31-Dec-24,Existing,simulated_pile_assignment_prototype
mevnet-2329,DOUBLE TREE BY HILTON PUTRAJAYA,W.P. PUTRAJAYA,"DOUBLE TREE BY HILTON PUTRAJAYA, Perbadanan Putrajaya, W.P. PUTRAJAYA",2.900531,101.6694564,Others,Indoor,Perbadanan Putrajaya,11,0.90,Bay 01,Type 2,available,PLANMalaysia MEVnet + ChargeMY simulated pile,https://portaldev.planmalaysia.gov.my/portal/apps/dashboards/bba366dc3d144510bfd7cda771795f3d,2329,6-Mar-23,Existing,simulated_pile_assignment_prototype
